"Gene_Name","Sample_1","Sample_2","Sample_3","Sample_4","Sample_5","Sample_1"
"Gene1",4.57065132,3.23045635,3.35182739563,3.9308778651651,4.0982466526351,4.418725785412
"Gene2",3.56165132,3.63225635,3.58752339563,4.1852878651651,1.38097606526351,5.936990785412
"Gene3",3.79765132,2.87445635,4.01691559563,4.1757718651651,1.98826296526351,3.780917785412
"Gene4",3.39865132,4.41525635,4.89356109563,8.4323418651651,9.60915096526351,9.01986785412
"Gene5",10.1265132,10.2245635,8.94581259563,2.9361748651651,3.89292406526351,0.91920785412
"Gene6",8.4765132,8.61265635,7.17082989563,3.2993508651651,2.57586966526351,2.542777785412
"Gene7",10.0165132,10.3125635,11.6032899563,9.9307048651651,7.748796526351,9.798823785412
"Gene8",9.39965132,10.3325635,9.37821719563,10.065198651651,10.7886186526351,10.24532785412